User_ID,Product_ID,Category,Price_Rs.,Discount_%,Final_Price_Rs.,Payment_Method,Purchase_Date,Hour,Date,Month,Day_Name,Revenue,Month_Name
U1049,P131,Home & Kitchen,3995.81,40,2397.49,Net Banking,2023-05-30,0,2023-05-30,5,Tuesday,2397.49,May
U1000,P118,Beauty,4584.28,39,2796.41,Cash on Delivery,2023-01-31,0,2023-01-31,1,Tuesday,2796.41,January
U1020,P128,Sports,8418.37,18,6903.06,Cash on Delivery,2023-06-30,0,2023-06-30,6,Friday,6903.06,June
U1055,P104,Fashion,8171.12,28,5883.21,Credit Card,2024-02-07,0,2024-02-07,2,Wednesday,5883.21,February
U1093,P104,Fashion,1010.91,1,1000.8,Credit Card,2023-01-01,0,2023-01-01,1,Sunday,1000.8,January
U1010,P109,Beauty,4963.99,46,2680.55,Debit Card,2024-05-23,0,2024-05-23,5,Thursday,2680.55,May
U1008,P115,Books,5382.34,1,5328.52,Credit Card,2023-06-11,0,2023-06-11,6,Sunday,5328.52,June
U1030,P135,Beauty,7882.77,23,6069.73,Net Banking,2023-11-13,0,2023-11-13,11,Monday,6069.73,November
U1099,P136,Home & Kitchen,7179.44,26,5312.79,Credit Card,2024-02-22,0,2024-02-22,2,Thursday,5312.79,February
U1022,P126,Books,1271.19,0,1271.19,Debit Card,2023-09-11,0,2023-09-11,9,Monday,1271.19,September
U1038,P142,Beauty,7737.69,7,7196.05,Cash on Delivery,2023-03-21,0,2023-03-21,3,Tuesday,7196.05,March
U1067,P125,Books,8956.23,43,5105.05,Cash on Delivery,2023-10-17,0,2023-10-17,10,Tuesday,5105.05,October
U1084,P139,Home & Kitchen,4709.3,40,2825.58,Cash on Delivery,2023-09-04,0,2023-09-04,9,Monday,2825.58,September
U1009,P129,Beauty,5256.97,3,5099.26,UPI,2024-02-03,0,2024-02-03,2,Saturday,5099.26,February
U1000,P114,Sports,6575.77,39,4011.22,Credit Card,2024-01-06,0,2024-01-06,1,Saturday,4011.22,January
U1078,P131,Fashion,788.81,29,560.06,Credit Card,2023-06-19,0,2023-06-19,6,Monday,560.06,June
U1057,P108,Home & Kitchen,4052.29,35,2633.99,UPI,2023-11-08,0,2023-11-08,11,Wednesday,2633.99,November
U1009,P105,Sports,2027.17,2,1986.63,UPI,2024-02-15,0,2024-02-15,2,Thursday,1986.63,February
U1038,P108,Home & Kitchen,6248.6,39,3811.65,Credit Card,2024-04-01,0,2024-04-01,4,Monday,3811.65,April
U1074,P147,Sports,4658.95,13,4053.29,Credit Card,2023-04-21,0,2023-04-21,4,Friday,4053.29,April
U1047,P144,Sports,1863.93,28,1342.03,UPI,2024-01-17,0,2024-01-17,1,Wednesday,1342.03,January
U1025,P132,Beauty,5714.59,47,3028.73,Credit Card,2024-05-30,0,2024-05-30,5,Thursday,3028.73,May
U1097,P125,Beauty,6922.2,46,3737.99,Net Banking,2024-03-21,0,2024-03-21,3,Thursday,3737.99,March
U1042,P114,Beauty,9482.71,0,9482.71,UPI,2023-04-14,0,2023-04-14,4,Friday,9482.71,April
U1093,P128,Sports,3639.98,45,2001.99,UPI,2023-12-23,0,2023-12-23,12,Saturday,2001.99,December
U1057,P140,Sports,2123.95,16,1784.12,Net Banking,2023-09-08,0,2023-09-08,9,Friday,1784.12,September
U1084,P135,Fashion,2095.62,21,1655.54,Credit Card,2023-05-24,0,2023-05-24,5,Wednesday,1655.54,May
U1073,P106,Electronics,952.94,36,609.88,Cash on Delivery,2023-06-13,0,2023-06-13,6,Tuesday,609.88,June
U1064,P126,Sports,5630.84,21,4448.36,Credit Card,2023-04-14,0,2023-04-14,4,Friday,4448.36,April
U1080,P103,Electronics,2549.37,36,1631.6,UPI,2023-12-05,0,2023-12-05,12,Tuesday,1631.6,December
U1066,P145,Sports,7665.83,32,5212.76,Cash on Delivery,2023-11-29,0,2023-11-29,11,Wednesday,5212.76,November
U1061,P126,Beauty,1402.75,37,883.73,Cash on Delivery,2023-04-25,0,2023-04-25,4,Tuesday,883.73,April
U1051,P116,Books,3264.63,4,3134.04,UPI,2023-09-01,0,2023-09-01,9,Friday,3134.04,September
U1093,P145,Books,4523.59,43,2578.45,UPI,2024-03-26,0,2024-03-26,3,Tuesday,2578.45,March
U1032,P121,Home & Kitchen,9295.81,9,8459.19,Cash on Delivery,2024-06-24,0,2024-06-24,6,Monday,8459.19,June
U1098,P143,Electronics,5893.72,2,5775.85,Net Banking,2024-01-02,0,2024-01-02,1,Tuesday,5775.85,January
U1072,P122,Electronics,7177.26,14,6172.44,UPI,2023-11-03,0,2023-11-03,11,Friday,6172.44,November
U1095,P109,Beauty,8879.82,2,8702.22,Net Banking,2023-01-11,0,2023-01-11,1,Wednesday,8702.22,January
U1097,P124,Fashion,9690.69,1,9593.78,Credit Card,2023-11-09,0,2023-11-09,11,Thursday,9593.78,November
U1007,P125,Fashion,3595.3,49,1833.6,UPI,2024-06-05,0,2024-06-05,6,Wednesday,1833.6,June
U1085,P141,Books,2275.14,45,1251.33,Credit Card,2023-06-03,0,2023-06-03,6,Saturday,1251.33,June
U1019,P127,Electronics,4661.25,24,3542.55,Cash on Delivery,2023-02-12,0,2023-02-12,2,Sunday,3542.55,February
U1019,P113,Beauty,2511.15,16,2109.37,Cash on Delivery,2023-08-14,0,2023-08-14,8,Monday,2109.37,August
U1022,P137,Home & Kitchen,1431.79,40,859.07,Net Banking,2023-01-27,0,2023-01-27,1,Friday,859.07,January
U1004,P137,Electronics,5895.62,13,5129.19,Credit Card,2023-08-12,0,2023-08-12,8,Saturday,5129.19,August
U1076,P103,Home & Kitchen,8549.77,5,8122.28,UPI,2024-01-09,0,2024-01-09,1,Tuesday,8122.28,January
U1002,P138,Fashion,5409.19,32,3678.25,Net Banking,2023-05-02,0,2023-05-02,5,Tuesday,3678.25,May
U1026,P142,Books,2902.11,22,2263.65,Debit Card,2024-03-22,0,2024-03-22,3,Friday,2263.65,March
U1005,P108,Electronics,859.68,22,670.55,UPI,2024-01-06,0,2024-01-06,1,Saturday,670.55,January
U1024,P134,Books,1402.64,43,799.5,UPI,2023-09-29,0,2023-09-29,9,Friday,799.5,September
U1066,P108,Home & Kitchen,2552.61,36,1633.67,Cash on Delivery,2024-05-15,0,2024-05-15,5,Wednesday,1633.67,May
U1094,P116,Books,3663.05,10,3296.75,Net Banking,2023-11-16,0,2023-11-16,11,Thursday,3296.75,November
U1044,P108,Electronics,5850.3,20,4680.24,Cash on Delivery,2023-10-22,0,2023-10-22,10,Sunday,4680.24,October
U1093,P102,Sports,6695.32,39,4084.15,UPI,2024-05-06,0,2024-05-06,5,Monday,4084.15,May
U1017,P134,Fashion,8098.29,32,5506.84,Debit Card,2024-05-26,0,2024-05-26,5,Sunday,5506.84,May
U1097,P132,Sports,8594.85,4,8251.06,Debit Card,2023-01-15,0,2023-01-15,1,Sunday,8251.06,January
U1099,P131,Electronics,1669.28,6,1569.12,Cash on Delivery,2023-09-21,0,2023-09-21,9,Thursday,1569.12,September
U1065,P132,Beauty,4796.66,3,4652.76,Cash on Delivery,2024-05-07,0,2024-05-07,5,Tuesday,4652.76,May
U1030,P107,Fashion,5085.51,15,4322.68,Credit Card,2023-03-17,0,2023-03-17,3,Friday,4322.68,March
U1070,P103,Books,8412.95,8,7739.91,Credit Card,2023-11-30,0,2023-11-30,11,Thursday,7739.91,November
U1065,P133,Fashion,1639.91,23,1262.73,Debit Card,2023-02-08,0,2023-02-08,2,Wednesday,1262.73,February
U1078,P103,Beauty,9359.67,29,6645.37,Net Banking,2023-12-22,0,2023-12-22,12,Friday,6645.37,December
U1087,P120,Beauty,7385.0,31,5095.65,UPI,2024-03-25,0,2024-03-25,3,Monday,5095.65,March
U1022,P122,Electronics,5669.51,24,4308.83,Net Banking,2023-09-13,0,2023-09-13,9,Wednesday,4308.83,September
U1077,P110,Electronics,1571.18,17,1304.08,Cash on Delivery,2023-05-26,0,2023-05-26,5,Friday,1304.08,May
U1024,P128,Home & Kitchen,3846.81,21,3038.98,Credit Card,2023-10-27,0,2023-10-27,10,Friday,3038.98,October
U1028,P127,Books,760.4,36,486.66,Cash on Delivery,2024-02-06,0,2024-02-06,2,Tuesday,486.66,February
U1006,P125,Sports,6090.65,10,5481.59,UPI,2023-09-12,0,2023-09-12,9,Tuesday,5481.59,September
U1029,P141,Home & Kitchen,6954.99,23,5355.34,UPI,2023-04-13,0,2023-04-13,4,Thursday,5355.34,April
U1087,P131,Electronics,7184.79,27,5244.9,Debit Card,2024-04-10,0,2024-04-10,4,Wednesday,5244.9,April
U1008,P100,Home & Kitchen,4503.33,32,3062.26,Cash on Delivery,2024-02-04,0,2024-02-04,2,Sunday,3062.26,February
U1087,P105,Beauty,3539.84,3,3433.64,UPI,2023-11-27,0,2023-11-27,11,Monday,3433.64,November
U1063,P133,Beauty,397.1,19,321.65,Debit Card,2024-01-25,0,2024-01-25,1,Thursday,321.65,January
U1023,P121,Beauty,9128.12,3,8854.28,Debit Card,2024-01-15,0,2024-01-15,1,Monday,8854.28,January
U1002,P114,Beauty,8317.88,16,6987.02,Net Banking,2024-03-02,0,2024-03-02,3,Saturday,6987.02,March
U1022,P105,Books,8952.24,43,5102.78,Cash on Delivery,2024-05-06,0,2024-05-06,5,Monday,5102.78,May
U1003,P121,Home & Kitchen,4759.63,42,2760.59,Debit Card,2023-09-04,0,2023-09-04,9,Monday,2760.59,September
U1048,P101,Electronics,7889.91,20,6311.93,Cash on Delivery,2023-11-08,0,2023-11-08,11,Wednesday,6311.93,November
U1080,P114,Sports,5183.97,38,3214.06,Debit Card,2024-03-26,0,2024-03-26,3,Tuesday,3214.06,March
U1070,P131,Beauty,9700.89,16,8148.75,Debit Card,2023-03-21,0,2023-03-21,3,Tuesday,8148.75,March
U1093,P128,Electronics,5145.13,38,3189.98,Net Banking,2024-06-15,0,2024-06-15,6,Saturday,3189.98,June
U1098,P119,Fashion,2655.4,43,1513.58,Cash on Delivery,2023-07-15,0,2023-07-15,7,Saturday,1513.58,July
U1048,P126,Fashion,5591.13,20,4472.9,UPI,2024-01-12,0,2024-01-12,1,Friday,4472.9,January
U1044,P141,Books,746.05,3,723.67,UPI,2024-01-07,0,2024-01-07,1,Sunday,723.67,January
U1011,P120,Sports,8540.35,26,6319.86,Cash on Delivery,2024-06-01,0,2024-06-01,6,Saturday,6319.86,June
U1073,P142,Books,5937.37,47,3146.81,Credit Card,2023-12-17,0,2023-12-17,12,Sunday,3146.81,December
U1057,P144,Fashion,6689.55,18,5485.43,Cash on Delivery,2023-11-01,0,2023-11-01,11,Wednesday,5485.43,November
U1035,P100,Home & Kitchen,8944.55,29,6350.63,Credit Card,2023-06-16,0,2023-06-16,6,Friday,6350.63,June
U1015,P112,Books,3825.93,22,2984.23,Cash on Delivery,2023-12-15,0,2023-12-15,12,Friday,2984.23,December
U1036,P134,Beauty,1096.09,11,975.52,Credit Card,2023-07-02,0,2023-07-02,7,Sunday,975.52,July
U1012,P124,Home & Kitchen,8455.16,42,4903.99,Credit Card,2024-04-03,0,2024-04-03,4,Wednesday,4903.99,April
U1000,P100,Electronics,1582.59,40,949.55,Net Banking,2024-04-07,0,2024-04-07,4,Sunday,949.55,April
U1097,P127,Home & Kitchen,3240.93,30,2268.65,Credit Card,2023-08-28,0,2023-08-28,8,Monday,2268.65,August
U1002,P112,Fashion,9103.9,17,7556.24,UPI,2023-08-08,0,2023-08-08,8,Tuesday,7556.24,August
U1089,P112,Home & Kitchen,3187.2,18,2613.5,Cash on Delivery,2023-04-01,0,2023-04-01,4,Saturday,2613.5,April
U1023,P131,Electronics,6142.59,1,6081.16,UPI,2023-09-24,0,2023-09-24,9,Sunday,6081.16,September
U1039,P143,Fashion,1853.3,15,1575.3,Debit Card,2024-02-27,0,2024-02-27,2,Tuesday,1575.3,February
U1059,P133,Beauty,2895.5,15,2461.17,Net Banking,2023-11-26,0,2023-11-26,11,Sunday,2461.17,November
U1034,P140,Sports,5773.16,6,5426.77,Cash on Delivery,2024-03-20,0,2024-03-20,3,Wednesday,5426.77,March
U1037,P117,Books,8805.11,48,4578.66,Net Banking,2024-02-27,0,2024-02-27,2,Tuesday,4578.66,February
U1017,P145,Books,1105.48,41,652.23,UPI,2023-11-07,0,2023-11-07,11,Tuesday,652.23,November
U1045,P120,Sports,1057.11,12,930.26,UPI,2024-01-10,0,2024-01-10,1,Wednesday,930.26,January
U1073,P111,Electronics,7544.05,13,6563.32,Credit Card,2023-12-30,0,2023-12-30,12,Saturday,6563.32,December
U1093,P136,Home & Kitchen,6211.16,45,3416.14,UPI,2023-06-17,0,2023-06-17,6,Saturday,3416.14,June
U1074,P124,Fashion,2484.91,35,1615.19,Net Banking,2023-09-25,0,2023-09-25,9,Monday,1615.19,September
U1078,P142,Fashion,639.37,19,517.89,Cash on Delivery,2023-09-11,0,2023-09-11,9,Monday,517.89,September
U1068,P141,Beauty,6976.44,4,6697.38,UPI,2023-10-20,0,2023-10-20,10,Friday,6697.38,October
U1014,P134,Electronics,586.69,34,387.22,Credit Card,2023-10-22,0,2023-10-22,10,Sunday,387.22,October
U1023,P107,Home & Kitchen,4353.82,35,2829.98,Net Banking,2024-04-06,0,2024-04-06,4,Saturday,2829.98,April
U1052,P137,Fashion,1953.32,50,976.66,Credit Card,2023-07-09,0,2023-07-09,7,Sunday,976.66,July
U1067,P132,Home & Kitchen,3103.2,3,3010.1,UPI,2023-09-08,0,2023-09-08,9,Friday,3010.1,September
U1077,P108,Home & Kitchen,6984.39,28,5028.76,UPI,2023-01-10,0,2023-01-10,1,Tuesday,5028.76,January
U1067,P100,Fashion,6112.97,46,3301.0,Net Banking,2024-01-26,0,2024-01-26,1,Friday,3301.0,January
U1007,P132,Sports,2405.91,5,2285.61,UPI,2024-01-04,0,2024-01-04,1,Thursday,2285.61,January
U1054,P148,Beauty,7462.22,0,7462.22,Credit Card,2023-04-07,0,2023-04-07,4,Friday,7462.22,April
U1071,P133,Home & Kitchen,6637.7,12,5841.18,UPI,2023-03-01,0,2023-03-01,3,Wednesday,5841.18,March
U1064,P126,Books,7874.53,7,7323.31,Net Banking,2023-07-29,0,2023-07-29,7,Saturday,7323.31,July
U1082,P135,Fashion,8095.43,34,5342.98,Debit Card,2023-12-11,0,2023-12-11,12,Monday,5342.98,December
U1062,P116,Home & Kitchen,8728.13,4,8379.0,Credit Card,2024-05-24,0,2024-05-24,5,Friday,8379.0,May
U1014,P104,Home & Kitchen,6683.21,32,4544.58,UPI,2024-02-17,0,2024-02-17,2,Saturday,4544.58,February
U1064,P146,Electronics,7014.82,28,5050.67,Net Banking,2023-07-02,0,2023-07-02,7,Sunday,5050.67,July
U1026,P100,Home & Kitchen,9572.94,27,6988.25,Cash on Delivery,2023-05-26,0,2023-05-26,5,Friday,6988.25,May
U1003,P135,Electronics,6409.23,18,5255.57,UPI,2024-06-12,0,2024-06-12,6,Wednesday,5255.57,June
U1067,P120,Fashion,1513.01,44,847.29,Debit Card,2024-03-25,0,2024-03-25,3,Monday,847.29,March
U1067,P116,Sports,4300.85,25,3225.64,Debit Card,2023-06-09,0,2023-06-09,6,Friday,3225.64,June
U1065,P115,Sports,9888.58,46,5339.83,Net Banking,2023-05-11,0,2023-05-11,5,Thursday,5339.83,May
U1054,P141,Books,3463.66,25,2597.74,UPI,2023-07-19,0,2023-07-19,7,Wednesday,2597.74,July
U1039,P132,Electronics,9596.67,42,5566.07,UPI,2023-02-09,0,2023-02-09,2,Thursday,5566.07,February
U1017,P123,Electronics,5161.4,42,2993.61,Credit Card,2024-02-16,0,2024-02-16,2,Friday,2993.61,February
U1008,P142,Books,8045.12,42,4666.17,Cash on Delivery,2023-10-27,0,2023-10-27,10,Friday,4666.17,October
U1073,P107,Sports,9166.45,36,5866.53,Net Banking,2023-01-21,0,2023-01-21,1,Saturday,5866.53,January
U1042,P125,Electronics,2383.37,12,2097.37,Credit Card,2023-06-14,0,2023-06-14,6,Wednesday,2097.37,June
U1060,P106,Beauty,6688.21,36,4280.45,UPI,2023-07-30,0,2023-07-30,7,Sunday,4280.45,July
U1024,P103,Sports,1802.19,15,1531.86,UPI,2023-03-31,0,2023-03-31,3,Friday,1531.86,March
U1024,P134,Home & Kitchen,6291.62,45,3460.39,Cash on Delivery,2023-11-26,0,2023-11-26,11,Sunday,3460.39,November
U1006,P121,Electronics,5287.9,18,4336.08,UPI,2023-03-10,0,2023-03-10,3,Friday,4336.08,March
U1022,P116,Beauty,6105.66,47,3236.0,Net Banking,2024-05-13,0,2024-05-13,5,Monday,3236.0,May
U1041,P139,Home & Kitchen,9945.07,38,6165.94,Debit Card,2023-06-02,0,2023-06-02,6,Friday,6165.94,June
U1099,P117,Electronics,4009.46,27,2926.91,Net Banking,2024-05-22,0,2024-05-22,5,Wednesday,2926.91,May
U1076,P119,Books,7683.4,13,6684.56,Net Banking,2023-03-27,0,2023-03-27,3,Monday,6684.56,March
U1022,P110,Books,4105.02,20,3284.02,UPI,2024-06-08,0,2024-06-08,6,Saturday,3284.02,June
U1074,P113,Fashion,5725.67,7,5324.87,Debit Card,2024-04-07,0,2024-04-07,4,Sunday,5324.87,April
U1093,P106,Electronics,8588.18,24,6527.02,Cash on Delivery,2024-03-30,0,2024-03-30,3,Saturday,6527.02,March
U1053,P124,Electronics,3135.77,40,1881.46,Debit Card,2023-11-29,0,2023-11-29,11,Wednesday,1881.46,November
U1081,P127,Beauty,1118.5,26,827.69,Credit Card,2023-07-08,0,2023-07-08,7,Saturday,827.69,July
U1019,P133,Sports,2575.37,44,1442.21,Debit Card,2023-11-30,0,2023-11-30,11,Thursday,1442.21,November
U1011,P147,Electronics,4190.98,35,2724.14,Credit Card,2023-11-11,0,2023-11-11,11,Saturday,2724.14,November
U1019,P102,Books,5343.43,50,2671.72,Cash on Delivery,2024-04-14,0,2024-04-14,4,Sunday,2671.72,April
U1090,P124,Home & Kitchen,6668.9,18,5468.5,Net Banking,2023-10-04,0,2023-10-04,10,Wednesday,5468.5,October
U1029,P106,Home & Kitchen,274.0,49,139.74,Cash on Delivery,2023-11-03,0,2023-11-03,11,Friday,139.74,November
U1025,P137,Electronics,8830.44,26,6534.53,UPI,2023-10-14,0,2023-10-14,10,Saturday,6534.53,October
U1009,P100,Electronics,5141.38,10,4627.24,UPI,2023-05-25,0,2023-05-25,5,Thursday,4627.24,May
U1028,P104,Fashion,5731.59,1,5674.27,Debit Card,2023-11-09,0,2023-11-09,11,Thursday,5674.27,November
U1013,P107,Books,4101.73,7,3814.61,Net Banking,2023-11-02,0,2023-11-02,11,Thursday,3814.61,November
U1028,P130,Beauty,8647.83,41,5102.22,Net Banking,2024-04-21,0,2024-04-21,4,Sunday,5102.22,April
U1064,P108,Sports,8692.12,16,7301.38,UPI,2023-02-25,0,2023-02-25,2,Saturday,7301.38,February
U1089,P115,Electronics,8698.77,1,8611.78,Cash on Delivery,2024-01-18,0,2024-01-18,1,Thursday,8611.78,January
U1003,P138,Beauty,3148.43,21,2487.26,Debit Card,2023-11-15,0,2023-11-15,11,Wednesday,2487.26,November
U1040,P139,Electronics,5515.0,2,5404.7,Cash on Delivery,2024-01-07,0,2024-01-07,1,Sunday,5404.7,January
U1075,P104,Sports,5894.03,5,5599.33,Net Banking,2023-03-02,0,2023-03-02,3,Thursday,5599.33,March
U1066,P145,Beauty,3608.04,4,3463.72,Credit Card,2023-02-02,0,2023-02-02,2,Thursday,3463.72,February
U1075,P133,Books,3809.59,1,3771.49,Net Banking,2024-03-22,0,2024-03-22,3,Friday,3771.49,March
U1027,P146,Sports,7395.94,20,5916.75,Debit Card,2024-05-07,0,2024-05-07,5,Tuesday,5916.75,May
U1044,P106,Fashion,4098.81,22,3197.07,Net Banking,2024-05-07,0,2024-05-07,5,Tuesday,3197.07,May
U1023,P115,Home & Kitchen,2684.54,33,1798.64,UPI,2023-10-11,0,2023-10-11,10,Wednesday,1798.64,October
U1074,P109,Electronics,1138.55,28,819.76,Cash on Delivery,2023-06-15,0,2023-06-15,6,Thursday,819.76,June
U1048,P149,Books,9619.67,13,8369.11,UPI,2024-03-02,0,2024-03-02,3,Saturday,8369.11,March
U1057,P107,Beauty,8260.76,32,5617.32,Credit Card,2024-01-31,0,2024-01-31,1,Wednesday,5617.32,January
U1060,P110,Electronics,7748.12,28,5578.65,Cash on Delivery,2023-08-03,0,2023-08-03,8,Thursday,5578.65,August
U1069,P112,Electronics,5353.04,46,2890.64,Net Banking,2024-01-18,0,2024-01-18,1,Thursday,2890.64,January
U1029,P135,Beauty,7135.58,42,4138.64,UPI,2024-03-25,0,2024-03-25,3,Monday,4138.64,March
U1096,P123,Fashion,3571.1,36,2285.5,Credit Card,2024-01-24,0,2024-01-24,1,Wednesday,2285.5,January
U1080,P138,Home & Kitchen,8695.01,13,7564.66,UPI,2023-06-07,0,2023-06-07,6,Wednesday,7564.66,June
U1000,P108,Books,8673.24,14,7458.99,UPI,2023-04-23,0,2023-04-23,4,Sunday,7458.99,April
U1084,P121,Beauty,8380.27,48,4357.74,Cash on Delivery,2023-02-27,0,2023-02-27,2,Monday,4357.74,February
U1044,P117,Home & Kitchen,6042.74,38,3746.5,Credit Card,2023-10-16,0,2023-10-16,10,Monday,3746.5,October
U1051,P134,Books,722.42,9,657.4,Net Banking,2023-08-17,0,2023-08-17,8,Thursday,657.4,August
U1096,P133,Books,2920.92,13,2541.2,Debit Card,2023-01-28,0,2023-01-28,1,Saturday,2541.2,January
U1083,P100,Home & Kitchen,6986.05,13,6077.86,UPI,2024-06-24,0,2024-06-24,6,Monday,6077.86,June
U1044,P117,Beauty,1467.85,7,1365.1,Cash on Delivery,2023-07-01,0,2023-07-01,7,Saturday,1365.1,July
U1011,P108,Fashion,7945.6,29,5641.38,Cash on Delivery,2024-03-10,0,2024-03-10,3,Sunday,5641.38,March
U1021,P124,Home & Kitchen,6079.19,30,4255.43,Debit Card,2023-08-16,0,2023-08-16,8,Wednesday,4255.43,August
U1035,P148,Fashion,369.29,5,350.83,Net Banking,2023-12-12,0,2023-12-12,12,Tuesday,350.83,December
U1014,P133,Beauty,9763.32,17,8103.56,UPI,2024-04-08,0,2024-04-08,4,Monday,8103.56,April
U1006,P130,Home & Kitchen,7538.02,24,5728.9,Cash on Delivery,2023-07-11,0,2023-07-11,7,Tuesday,5728.9,July
U1021,P149,Fashion,618.8,17,513.6,Cash on Delivery,2023-08-08,0,2023-08-08,8,Tuesday,513.6,August
U1072,P101,Sports,9456.92,37,5957.86,Credit Card,2023-02-25,0,2023-02-25,2,Saturday,5957.86,February
U1059,P122,Sports,8749.16,47,4637.05,Net Banking,2024-04-30,0,2024-04-30,4,Tuesday,4637.05,April
U1050,P148,Electronics,6231.68,46,3365.11,Net Banking,2024-06-23,0,2024-06-23,6,Sunday,3365.11,June
U1026,P137,Books,2203.12,20,1762.5,Credit Card,2024-03-31,0,2024-03-31,3,Sunday,1762.5,March
U1095,P137,Sports,1448.71,19,1173.46,Credit Card,2023-09-19,0,2023-09-19,9,Tuesday,1173.46,September
U1039,P100,Beauty,2262.68,45,1244.47,Net Banking,2023-11-30,0,2023-11-30,11,Thursday,1244.47,November
U1035,P138,Fashion,6058.97,16,5089.53,Debit Card,2023-08-30,0,2023-08-30,8,Wednesday,5089.53,August
U1072,P108,Books,2172.46,16,1824.87,Credit Card,2023-01-04,0,2023-01-04,1,Wednesday,1824.87,January
U1044,P105,Beauty,4048.86,11,3603.49,Net Banking,2023-04-03,0,2023-04-03,4,Monday,3603.49,April
U1098,P135,Books,3752.92,21,2964.81,Credit Card,2024-06-05,0,2024-06-05,6,Wednesday,2964.81,June
U1083,P136,Fashion,6771.65,47,3588.97,Cash on Delivery,2024-04-16,0,2024-04-16,4,Tuesday,3588.97,April
U1089,P143,Sports,6059.88,19,4908.5,Cash on Delivery,2023-03-17,0,2023-03-17,3,Friday,4908.5,March
U1020,P124,Beauty,2039.35,18,1672.27,Cash on Delivery,2023-12-09,0,2023-12-09,12,Saturday,1672.27,December
U1031,P107,Beauty,2706.57,3,2625.37,UPI,2024-05-21,0,2024-05-21,5,Tuesday,2625.37,May
U1008,P122,Electronics,9593.95,39,5852.31,Net Banking,2024-06-23,0,2024-06-23,6,Sunday,5852.31,June
U1009,P130,Books,6384.98,10,5746.48,UPI,2023-10-26,0,2023-10-26,10,Thursday,5746.48,October
U1092,P110,Fashion,5753.82,32,3912.6,Credit Card,2024-01-17,0,2024-01-17,1,Wednesday,3912.6,January
U1020,P122,Home & Kitchen,6658.87,37,4195.09,Net Banking,2023-09-08,0,2023-09-08,9,Friday,4195.09,September
U1035,P136,Fashion,7501.15,30,5250.8,UPI,2023-02-15,0,2023-02-15,2,Wednesday,5250.8,February
U1032,P148,Beauty,2161.82,19,1751.07,UPI,2023-02-21,0,2023-02-21,2,Tuesday,1751.07,February
U1082,P104,Electronics,908.72,35,590.67,Credit Card,2023-04-04,0,2023-04-04,4,Tuesday,590.67,April
U1096,P134,Sports,8527.73,3,8271.9,Debit Card,2023-04-13,0,2023-04-13,4,Thursday,8271.9,April
U1061,P102,Books,5717.16,36,3658.98,Credit Card,2023-09-02,0,2023-09-02,9,Saturday,3658.98,September
U1085,P148,Home & Kitchen,645.12,35,419.33,Debit Card,2023-08-25,0,2023-08-25,8,Friday,419.33,August
U1013,P107,Fashion,5540.45,38,3435.08,UPI,2024-05-22,0,2024-05-22,5,Wednesday,3435.08,May
U1023,P128,Home & Kitchen,7888.06,20,6310.45,Net Banking,2023-12-09,0,2023-12-09,12,Saturday,6310.45,December
U1004,P102,Sports,8441.78,42,4896.23,Net Banking,2023-11-12,0,2023-11-12,11,Sunday,4896.23,November
U1036,P129,Electronics,7118.87,28,5125.59,Debit Card,2023-01-13,0,2023-01-13,1,Friday,5125.59,January
U1071,P111,Sports,4703.43,44,2633.92,Net Banking,2023-04-01,0,2023-04-01,4,Saturday,2633.92,April
U1004,P127,Home & Kitchen,5635.33,44,3155.78,UPI,2023-04-11,0,2023-04-11,4,Tuesday,3155.78,April
U1031,P122,Sports,7819.37,23,6020.91,Debit Card,2023-06-20,0,2023-06-20,6,Tuesday,6020.91,June
U1000,P115,Fashion,2166.6,7,2014.94,Cash on Delivery,2023-01-28,0,2023-01-28,1,Saturday,2014.94,January
U1026,P121,Beauty,3915.48,31,2701.68,Credit Card,2023-07-15,0,2023-07-15,7,Saturday,2701.68,July
U1025,P146,Sports,7926.38,31,5469.2,Net Banking,2023-05-23,0,2023-05-23,5,Tuesday,5469.2,May
U1060,P106,Home & Kitchen,1052.88,11,937.06,Net Banking,2024-05-27,0,2024-05-27,5,Monday,937.06,May
U1007,P114,Fashion,3928.63,46,2121.46,Credit Card,2024-01-20,0,2024-01-20,1,Saturday,2121.46,January
U1057,P115,Beauty,1247.22,26,922.94,Debit Card,2023-10-17,0,2023-10-17,10,Tuesday,922.94,October
U1038,P107,Sports,3476.95,21,2746.79,Credit Card,2024-05-26,0,2024-05-26,5,Sunday,2746.79,May
U1092,P129,Books,9929.17,40,5957.5,Debit Card,2023-01-09,0,2023-01-09,1,Monday,5957.5,January
U1052,P141,Books,7695.79,50,3847.89,Credit Card,2023-03-15,0,2023-03-15,3,Wednesday,3847.89,March
U1099,P106,Home & Kitchen,3982.19,40,2389.31,Net Banking,2024-04-23,0,2024-04-23,4,Tuesday,2389.31,April
U1036,P142,Home & Kitchen,6568.38,8,6042.91,Debit Card,2023-11-02,0,2023-11-02,11,Thursday,6042.91,November
U1066,P146,Electronics,1536.71,22,1198.63,Net Banking,2023-08-27,0,2023-08-27,8,Sunday,1198.63,August
U1092,P116,Fashion,4900.2,45,2695.11,Credit Card,2023-07-04,0,2023-07-04,7,Tuesday,2695.11,July
U1005,P131,Sports,201.27,42,116.74,Debit Card,2024-03-24,0,2024-03-24,3,Sunday,116.74,March
U1058,P120,Sports,2631.93,41,1552.84,Debit Card,2024-06-22,0,2024-06-22,6,Saturday,1552.84,June
U1005,P134,Books,5736.16,20,4588.93,Credit Card,2023-03-10,0,2023-03-10,3,Friday,4588.93,March
U1010,P111,Sports,6352.09,3,6161.53,UPI,2023-04-09,0,2023-04-09,4,Sunday,6161.53,April
U1039,P111,Books,9203.72,27,6718.72,Net Banking,2023-11-25,0,2023-11-25,11,Saturday,6718.72,November
U1060,P114,Fashion,5811.91,7,5405.08,UPI,2023-03-08,0,2023-03-08,3,Wednesday,5405.08,March
U1025,P103,Fashion,3007.48,8,2766.88,Debit Card,2023-11-23,0,2023-11-23,11,Thursday,2766.88,November
U1031,P122,Home & Kitchen,7849.08,50,3924.54,Credit Card,2024-02-12,0,2024-02-12,2,Monday,3924.54,February
U1088,P149,Books,603.02,1,596.99,Net Banking,2023-10-12,0,2023-10-12,10,Thursday,596.99,October
U1055,P121,Electronics,9770.18,41,5764.41,UPI,2023-09-18,0,2023-09-18,9,Monday,5764.41,September
U1006,P147,Electronics,2491.44,4,2391.78,Cash on Delivery,2023-03-24,0,2023-03-24,3,Friday,2391.78,March
U1097,P102,Sports,3058.33,50,1529.16,Debit Card,2023-10-18,0,2023-10-18,10,Wednesday,1529.16,October
U1013,P106,Books,8284.28,3,8035.75,UPI,2023-11-08,0,2023-11-08,11,Wednesday,8035.75,November
U1068,P114,Fashion,4160.16,29,2953.71,Credit Card,2023-07-10,0,2023-07-10,7,Monday,2953.71,July
U1074,P127,Home & Kitchen,9798.6,36,6271.1,Net Banking,2023-05-03,0,2023-05-03,5,Wednesday,6271.1,May
U1065,P109,Books,5495.08,12,4835.67,Net Banking,2024-01-12,0,2024-01-12,1,Friday,4835.67,January
U1039,P145,Fashion,7940.08,22,6193.26,Cash on Delivery,2024-02-03,0,2024-02-03,2,Saturday,6193.26,February
U1009,P111,Beauty,5172.35,12,4551.67,Credit Card,2023-04-14,0,2023-04-14,4,Friday,4551.67,April
U1008,P118,Electronics,5921.26,26,4381.73,Debit Card,2023-01-09,0,2023-01-09,1,Monday,4381.73,January
U1008,P149,Fashion,1505.03,39,918.07,Credit Card,2023-04-24,0,2023-04-24,4,Monday,918.07,April
U1039,P146,Fashion,4547.41,47,2410.13,Net Banking,2023-10-30,0,2023-10-30,10,Monday,2410.13,October
U1028,P113,Electronics,1526.56,16,1282.31,UPI,2023-02-13,0,2023-02-13,2,Monday,1282.31,February
U1063,P144,Sports,7175.76,21,5668.85,Cash on Delivery,2024-03-25,0,2024-03-25,3,Monday,5668.85,March
U1010,P132,Books,3850.8,46,2079.43,Credit Card,2024-05-25,0,2024-05-25,5,Saturday,2079.43,May
U1095,P135,Books,8384.6,23,6456.14,Debit Card,2024-05-01,0,2024-05-01,5,Wednesday,6456.14,May
U1057,P142,Fashion,3498.54,46,1889.21,Cash on Delivery,2024-05-04,0,2024-05-04,5,Saturday,1889.21,May
U1077,P138,Home & Kitchen,2637.68,40,1582.61,Net Banking,2024-01-07,0,2024-01-07,1,Sunday,1582.61,January
U1061,P142,Home & Kitchen,5115.84,41,3018.35,Credit Card,2023-03-26,0,2023-03-26,3,Sunday,3018.35,March
U1007,P120,Books,4190.21,9,3813.09,Debit Card,2024-04-13,0,2024-04-13,4,Saturday,3813.09,April
U1039,P138,Beauty,3179.54,37,2003.11,Debit Card,2023-01-24,0,2023-01-24,1,Tuesday,2003.11,January
U1027,P138,Home & Kitchen,4209.37,18,3451.68,Cash on Delivery,2024-04-07,0,2024-04-07,4,Sunday,3451.68,April
U1040,P141,Home & Kitchen,1075.82,15,914.45,Cash on Delivery,2023-02-15,0,2023-02-15,2,Wednesday,914.45,February
U1048,P137,Books,1462.87,49,746.06,Cash on Delivery,2023-11-07,0,2023-11-07,11,Tuesday,746.06,November
U1088,P129,Books,7923.36,8,7289.49,UPI,2024-05-15,0,2024-05-15,5,Wednesday,7289.49,May
U1062,P102,Electronics,4350.02,12,3828.02,Cash on Delivery,2023-09-21,0,2023-09-21,9,Thursday,3828.02,September
U1056,P147,Books,3720.5,8,3422.86,Debit Card,2024-04-03,0,2024-04-03,4,Wednesday,3422.86,April
U1009,P130,Electronics,6586.42,10,5927.78,Net Banking,2023-10-12,0,2023-10-12,10,Thursday,5927.78,October
U1032,P119,Sports,7135.18,18,5850.85,Debit Card,2023-07-07,0,2023-07-07,7,Friday,5850.85,July
U1071,P132,Books,3610.29,7,3357.57,Credit Card,2023-11-15,0,2023-11-15,11,Wednesday,3357.57,November
U1088,P128,Home & Kitchen,720.37,32,489.85,Debit Card,2024-03-23,0,2024-03-23,3,Saturday,489.85,March
U1088,P126,Home & Kitchen,3949.74,30,2764.82,Debit Card,2023-11-15,0,2023-11-15,11,Wednesday,2764.82,November
U1051,P121,Fashion,4891.98,5,4647.38,UPI,2023-11-20,0,2023-11-20,11,Monday,4647.38,November
U1011,P145,Sports,494.83,9,450.3,Net Banking,2023-07-17,0,2023-07-17,7,Monday,450.3,July
U1012,P116,Fashion,4983.6,2,4883.93,Credit Card,2023-09-19,0,2023-09-19,9,Tuesday,4883.93,September
U1057,P112,Sports,7624.36,8,7014.41,Net Banking,2023-10-18,0,2023-10-18,10,Wednesday,7014.41,October
U1050,P114,Sports,2020.82,9,1838.95,Cash on Delivery,2023-12-07,0,2023-12-07,12,Thursday,1838.95,December
U1030,P118,Books,2243.66,49,1144.27,UPI,2024-01-11,0,2024-01-11,1,Thursday,1144.27,January
U1044,P102,Fashion,9790.13,47,5188.77,Credit Card,2024-05-01,0,2024-05-01,5,Wednesday,5188.77,May
U1015,P141,Fashion,2099.44,38,1301.65,UPI,2023-06-15,0,2023-06-15,6,Thursday,1301.65,June
U1066,P108,Fashion,9936.23,6,9340.06,Credit Card,2024-02-08,0,2024-02-08,2,Thursday,9340.06,February
U1042,P111,Fashion,4420.42,6,4155.19,UPI,2023-02-20,0,2023-02-20,2,Monday,4155.19,February
U1021,P140,Beauty,4472.37,49,2280.91,UPI,2024-01-12,0,2024-01-12,1,Friday,2280.91,January
U1056,P130,Books,8708.59,45,4789.72,Credit Card,2023-11-19,0,2023-11-19,11,Sunday,4789.72,November
U1039,P107,Home & Kitchen,4323.85,25,3242.89,Credit Card,2023-05-10,0,2023-05-10,5,Wednesday,3242.89,May
U1027,P112,Sports,1707.77,30,1195.44,Debit Card,2023-06-02,0,2023-06-02,6,Friday,1195.44,June
U1060,P119,Beauty,5853.33,13,5092.4,UPI,2024-05-17,0,2024-05-17,5,Friday,5092.4,May
U1002,P138,Beauty,9922.32,49,5060.38,Credit Card,2023-10-04,0,2023-10-04,10,Wednesday,5060.38,October
U1062,P114,Electronics,421.57,37,265.59,UPI,2023-12-23,0,2023-12-23,12,Saturday,265.59,December
U1085,P102,Electronics,2820.79,40,1692.47,Credit Card,2023-01-03,0,2023-01-03,1,Tuesday,1692.47,January
U1079,P149,Fashion,6377.09,8,5866.92,Net Banking,2024-04-27,0,2024-04-27,4,Saturday,5866.92,April
U1067,P112,Electronics,3385.69,46,1828.27,Cash on Delivery,2023-03-27,0,2023-03-27,3,Monday,1828.27,March
U1093,P105,Beauty,1390.14,18,1139.91,Credit Card,2023-09-21,0,2023-09-21,9,Thursday,1139.91,September
U1007,P104,Books,4113.99,24,3126.63,Net Banking,2023-07-07,0,2023-07-07,7,Friday,3126.63,July
U1000,P147,Fashion,4860.49,13,4228.63,Credit Card,2024-06-23,0,2024-06-23,6,Sunday,4228.63,June
U1051,P118,Home & Kitchen,4665.45,33,3125.85,Debit Card,2023-07-23,0,2023-07-23,7,Sunday,3125.85,July
U1066,P144,Electronics,8481.85,25,6361.39,UPI,2024-05-14,0,2024-05-14,5,Tuesday,6361.39,May
U1097,P138,Books,7281.14,17,6043.35,Net Banking,2024-05-15,0,2024-05-15,5,Wednesday,6043.35,May
U1082,P135,Beauty,3576.58,4,3433.52,Credit Card,2024-01-25,0,2024-01-25,1,Thursday,3433.52,January
U1029,P144,Electronics,3896.23,32,2649.44,Credit Card,2024-06-16,0,2024-06-16,6,Sunday,2649.44,June
U1037,P110,Sports,2162.11,29,1535.1,UPI,2024-06-14,0,2024-06-14,6,Friday,1535.1,June
U1010,P110,Electronics,2371.97,43,1352.02,UPI,2024-01-03,0,2024-01-03,1,Wednesday,1352.02,January
U1032,P103,Sports,4437.62,10,3993.86,Net Banking,2023-09-09,0,2023-09-09,9,Saturday,3993.86,September
U1039,P130,Sports,9110.42,36,5830.67,Credit Card,2023-09-20,0,2023-09-20,9,Wednesday,5830.67,September
U1055,P144,Sports,4630.4,22,3611.71,UPI,2023-03-05,0,2023-03-05,3,Sunday,3611.71,March
U1022,P107,Home & Kitchen,8864.53,50,4432.27,Credit Card,2024-06-06,0,2024-06-06,6,Thursday,4432.27,June
U1007,P119,Sports,7855.38,9,7148.4,UPI,2023-02-23,0,2023-02-23,2,Thursday,7148.4,February
U1089,P130,Beauty,8579.64,12,7550.08,UPI,2023-09-15,0,2023-09-15,9,Friday,7550.08,September
U1098,P102,Fashion,3760.19,1,3722.59,Credit Card,2023-04-27,0,2023-04-27,4,Thursday,3722.59,April
U1052,P135,Beauty,4380.19,23,3372.75,Debit Card,2023-07-03,0,2023-07-03,7,Monday,3372.75,July
U1000,P134,Home & Kitchen,1711.72,7,1591.9,Debit Card,2023-01-18,0,2023-01-18,1,Wednesday,1591.9,January
U1092,P128,Beauty,3773.06,27,2754.33,Net Banking,2023-10-22,0,2023-10-22,10,Sunday,2754.33,October
U1085,P125,Books,2563.87,31,1769.07,UPI,2024-03-01,0,2024-03-01,3,Friday,1769.07,March
U1008,P102,Books,3148.48,47,1668.69,UPI,2023-01-10,0,2023-01-10,1,Tuesday,1668.69,January
U1082,P146,Books,3362.66,24,2555.62,Cash on Delivery,2023-09-25,0,2023-09-25,9,Monday,2555.62,September
U1043,P100,Books,6717.54,44,3761.82,UPI,2023-03-27,0,2023-03-27,3,Monday,3761.82,March
U1062,P112,Beauty,4770.0,47,2528.1,Debit Card,2023-07-10,0,2023-07-10,7,Monday,2528.1,July
U1046,P108,Home & Kitchen,8114.93,43,4625.51,Debit Card,2023-05-01,0,2023-05-01,5,Monday,4625.51,May
U1014,P137,Sports,6679.3,31,4608.72,Credit Card,2024-02-11,0,2024-02-11,2,Sunday,4608.72,February
U1049,P143,Books,7226.05,40,4335.63,Net Banking,2023-01-31,0,2023-01-31,1,Tuesday,4335.63,January
U1022,P143,Books,4539.22,30,3177.45,Credit Card,2023-11-19,0,2023-11-19,11,Sunday,3177.45,November
U1026,P104,Fashion,8019.68,18,6576.14,Debit Card,2023-07-04,0,2023-07-04,7,Tuesday,6576.14,July
U1085,P129,Home & Kitchen,626.13,39,381.94,Credit Card,2024-03-23,0,2024-03-23,3,Saturday,381.94,March
U1001,P106,Fashion,5330.68,35,3464.94,Net Banking,2024-02-08,0,2024-02-08,2,Thursday,3464.94,February
U1055,P103,Home & Kitchen,692.96,27,505.86,Debit Card,2023-02-09,0,2023-02-09,2,Thursday,505.86,February
U1010,P112,Home & Kitchen,2973.21,4,2854.28,Credit Card,2023-11-15,0,2023-11-15,11,Wednesday,2854.28,November
U1080,P111,Fashion,2872.54,49,1465.0,UPI,2023-11-19,0,2023-11-19,11,Sunday,1465.0,November
U1015,P132,Books,8517.14,26,6302.68,Cash on Delivery,2023-07-06,0,2023-07-06,7,Thursday,6302.68,July
U1038,P140,Beauty,3288.37,12,2893.77,Debit Card,2023-12-31,0,2023-12-31,12,Sunday,2893.77,December
U1012,P100,Home & Kitchen,6118.76,22,4772.63,Credit Card,2023-07-28,0,2023-07-28,7,Friday,4772.63,July
U1017,P131,Beauty,9773.18,1,9675.45,Credit Card,2023-06-12,0,2023-06-12,6,Monday,9675.45,June
U1004,P110,Home & Kitchen,3814.14,35,2479.19,UPI,2024-06-03,0,2024-06-03,6,Monday,2479.19,June
U1092,P103,Fashion,4217.7,42,2446.27,Debit Card,2024-04-26,0,2024-04-26,4,Friday,2446.27,April
U1003,P131,Electronics,7091.31,44,3971.13,Net Banking,2023-12-16,0,2023-12-16,12,Saturday,3971.13,December
U1055,P135,Beauty,3838.44,20,3070.75,Debit Card,2024-02-04,0,2024-02-04,2,Sunday,3070.75,February
U1081,P143,Electronics,8405.78,41,4959.41,UPI,2023-08-30,0,2023-08-30,8,Wednesday,4959.41,August
U1085,P100,Home & Kitchen,6223.54,41,3671.89,Cash on Delivery,2023-06-17,0,2023-06-17,6,Saturday,3671.89,June
U1058,P147,Fashion,398.14,19,322.49,Cash on Delivery,2023-04-18,0,2023-04-18,4,Tuesday,322.49,April
U1088,P139,Books,851.14,3,825.61,Debit Card,2023-11-20,0,2023-11-20,11,Monday,825.61,November
U1068,P143,Fashion,2090.67,48,1087.15,Cash on Delivery,2023-02-01,0,2023-02-01,2,Wednesday,1087.15,February
U1052,P108,Fashion,3521.18,48,1831.01,Debit Card,2024-02-04,0,2024-02-04,2,Sunday,1831.01,February
U1087,P132,Beauty,9704.27,28,6987.07,Net Banking,2023-06-21,0,2023-06-21,6,Wednesday,6987.07,June
U1075,P103,Home & Kitchen,2547.49,44,1426.59,UPI,2023-07-13,0,2023-07-13,7,Thursday,1426.59,July
U1035,P111,Home & Kitchen,3821.26,23,2942.37,Cash on Delivery,2023-04-20,0,2023-04-20,4,Thursday,2942.37,April
U1006,P122,Books,2293.64,45,1261.5,UPI,2024-01-03,0,2024-01-03,1,Wednesday,1261.5,January
U1061,P112,Books,8342.99,1,8259.56,Debit Card,2024-05-10,0,2024-05-10,5,Friday,8259.56,May
U1034,P143,Books,3633.96,22,2834.49,Cash on Delivery,2023-11-29,0,2023-11-29,11,Wednesday,2834.49,November
U1067,P119,Beauty,4627.34,47,2452.49,Credit Card,2023-04-26,0,2023-04-26,4,Wednesday,2452.49,April
U1036,P121,Beauty,9277.78,35,6030.56,Debit Card,2024-06-07,0,2024-06-07,6,Friday,6030.56,June
U1019,P107,Books,3742.01,33,2507.15,Credit Card,2023-08-22,0,2023-08-22,8,Tuesday,2507.15,August
U1080,P134,Electronics,5466.62,14,4701.29,UPI,2023-01-18,0,2023-01-18,1,Wednesday,4701.29,January
U1053,P133,Books,4600.37,25,3450.28,Credit Card,2024-03-07,0,2024-03-07,3,Thursday,3450.28,March
U1075,P100,Home & Kitchen,6807.39,50,3403.7,UPI,2024-01-25,0,2024-01-25,1,Thursday,3403.7,January
U1062,P135,Electronics,277.08,36,177.33,Cash on Delivery,2023-01-29,0,2023-01-29,1,Sunday,177.33,January
U1025,P146,Electronics,2880.64,14,2477.35,Credit Card,2024-06-09,0,2024-06-09,6,Sunday,2477.35,June
U1004,P101,Sports,9553.26,25,7164.94,Cash on Delivery,2023-10-31,0,2023-10-31,10,Tuesday,7164.94,October
U1004,P127,Beauty,4208.14,28,3029.86,Net Banking,2023-05-17,0,2023-05-17,5,Wednesday,3029.86,May
U1042,P116,Sports,7223.97,31,4984.54,Debit Card,2023-02-25,0,2023-02-25,2,Saturday,4984.54,February
U1046,P120,Beauty,8221.32,29,5837.14,UPI,2023-05-13,0,2023-05-13,5,Saturday,5837.14,May
U1067,P116,Sports,5371.85,44,3008.24,Debit Card,2024-04-27,0,2024-04-27,4,Saturday,3008.24,April
U1070,P146,Home & Kitchen,7339.68,50,3669.84,Credit Card,2023-04-15,0,2023-04-15,4,Saturday,3669.84,April
U1062,P131,Fashion,2212.77,37,1394.05,Cash on Delivery,2024-04-23,0,2024-04-23,4,Tuesday,1394.05,April
U1039,P118,Sports,211.38,46,114.15,Debit Card,2023-09-18,0,2023-09-18,9,Monday,114.15,September
U1009,P102,Beauty,8961.91,2,8782.67,UPI,2024-03-12,0,2024-03-12,3,Tuesday,8782.67,March
U1048,P102,Home & Kitchen,1665.42,5,1582.15,Cash on Delivery,2023-03-10,0,2023-03-10,3,Friday,1582.15,March
U1036,P147,Electronics,9220.13,5,8759.12,Debit Card,2024-02-04,0,2024-02-04,2,Sunday,8759.12,February
U1040,P137,Electronics,290.62,28,209.25,Net Banking,2023-11-17,0,2023-11-17,11,Friday,209.25,November
U1006,P110,Electronics,8677.82,15,7376.15,Net Banking,2023-06-20,0,2023-06-20,6,Tuesday,7376.15,June
U1095,P137,Fashion,4583.91,34,3025.38,UPI,2023-01-10,0,2023-01-10,1,Tuesday,3025.38,January
U1038,P127,Fashion,6971.82,30,4880.27,Cash on Delivery,2023-07-16,0,2023-07-16,7,Sunday,4880.27,July
U1036,P122,Fashion,3615.49,3,3507.03,Net Banking,2023-05-04,0,2023-05-04,5,Thursday,3507.03,May
U1076,P143,Beauty,1442.37,9,1312.56,Net Banking,2023-08-15,0,2023-08-15,8,Tuesday,1312.56,August
U1080,P125,Sports,8902.68,12,7834.36,Debit Card,2024-02-27,0,2024-02-27,2,Tuesday,7834.36,February
U1026,P137,Books,5564.7,3,5397.76,Credit Card,2023-09-05,0,2023-09-05,9,Tuesday,5397.76,September
U1019,P128,Fashion,3538.13,18,2901.27,Cash on Delivery,2024-04-19,0,2024-04-19,4,Friday,2901.27,April
U1063,P141,Electronics,3086.02,25,2314.51,UPI,2023-10-17,0,2023-10-17,10,Tuesday,2314.51,October
U1062,P116,Beauty,7264.17,12,6392.47,Net Banking,2023-01-27,0,2023-01-27,1,Friday,6392.47,January
U1014,P146,Fashion,9392.01,22,7325.77,Cash on Delivery,2024-02-08,0,2024-02-08,2,Thursday,7325.77,February
U1044,P134,Home & Kitchen,5073.0,30,3551.1,Debit Card,2024-02-24,0,2024-02-24,2,Saturday,3551.1,February
U1030,P119,Books,5788.59,9,5267.62,UPI,2024-06-17,0,2024-06-17,6,Monday,5267.62,June
U1005,P141,Sports,7822.74,13,6805.78,Net Banking,2023-12-24,0,2023-12-24,12,Sunday,6805.78,December
U1081,P143,Electronics,5272.74,36,3374.55,Credit Card,2023-03-29,0,2023-03-29,3,Wednesday,3374.55,March
U1079,P129,Sports,7171.18,5,6812.62,Debit Card,2024-03-27,0,2024-03-27,3,Wednesday,6812.62,March
U1010,P145,Sports,3329.3,37,2097.46,Debit Card,2023-02-19,0,2023-02-19,2,Sunday,2097.46,February
U1048,P109,Fashion,8002.42,16,6722.03,UPI,2024-05-07,0,2024-05-07,5,Tuesday,6722.03,May
U1092,P119,Sports,2359.12,11,2099.62,Cash on Delivery,2024-02-10,0,2024-02-10,2,Saturday,2099.62,February
U1089,P110,Beauty,4769.21,8,4387.67,Net Banking,2023-02-25,0,2023-02-25,2,Saturday,4387.67,February
U1054,P132,Beauty,5548.37,21,4383.21,Cash on Delivery,2023-12-12,0,2023-12-12,12,Tuesday,4383.21,December
U1076,P134,Electronics,2168.54,47,1149.33,Debit Card,2023-10-14,0,2023-10-14,10,Saturday,1149.33,October
U1005,P134,Beauty,7221.02,21,5704.61,Cash on Delivery,2023-09-14,0,2023-09-14,9,Thursday,5704.61,September
U1033,P142,Sports,3924.79,8,3610.81,UPI,2024-04-16,0,2024-04-16,4,Tuesday,3610.81,April
U1053,P118,Sports,1777.09,32,1208.42,UPI,2023-05-24,0,2023-05-24,5,Wednesday,1208.42,May
U1021,P122,Sports,3632.26,49,1852.45,Net Banking,2023-07-03,0,2023-07-03,7,Monday,1852.45,July
U1024,P135,Beauty,4546.01,30,3182.21,Net Banking,2024-02-16,0,2024-02-16,2,Friday,3182.21,February
U1096,P134,Sports,8847.08,28,6369.9,Cash on Delivery,2024-04-12,0,2024-04-12,4,Friday,6369.9,April
U1076,P139,Beauty,1438.21,48,747.87,UPI,2023-12-23,0,2023-12-23,12,Saturday,747.87,December
U1092,P146,Home & Kitchen,9453.12,28,6806.25,Debit Card,2023-10-22,0,2023-10-22,10,Sunday,6806.25,October
U1077,P107,Electronics,834.76,10,751.28,Credit Card,2024-05-08,0,2024-05-08,5,Wednesday,751.28,May
U1062,P109,Beauty,8274.87,5,7861.13,Credit Card,2023-01-04,0,2023-01-04,1,Wednesday,7861.13,January
U1034,P116,Fashion,5507.29,47,2918.86,UPI,2024-05-19,0,2024-05-19,5,Sunday,2918.86,May
U1010,P126,Sports,8575.02,25,6431.27,Net Banking,2023-04-26,0,2023-04-26,4,Wednesday,6431.27,April
U1077,P122,Fashion,9721.75,22,7582.97,Credit Card,2023-04-09,0,2023-04-09,4,Sunday,7582.97,April
U1023,P100,Books,8074.2,31,5571.2,UPI,2024-02-17,0,2024-02-17,2,Saturday,5571.2,February
U1039,P115,Books,9268.46,3,8990.41,Debit Card,2024-03-10,0,2024-03-10,3,Sunday,8990.41,March
U1070,P119,Sports,8232.22,5,7820.61,Net Banking,2023-12-02,0,2023-12-02,12,Saturday,7820.61,December
U1050,P107,Fashion,1811.49,7,1684.69,Credit Card,2024-05-31,0,2024-05-31,5,Friday,1684.69,May
U1076,P100,Electronics,733.69,29,520.92,Debit Card,2023-09-21,0,2023-09-21,9,Thursday,520.92,September
U1099,P122,Beauty,5621.62,10,5059.46,Net Banking,2023-07-31,0,2023-07-31,7,Monday,5059.46,July
U1098,P122,Fashion,4603.45,11,4097.07,Net Banking,2024-02-25,0,2024-02-25,2,Sunday,4097.07,February
U1083,P131,Home & Kitchen,8221.66,18,6741.76,Debit Card,2023-02-06,0,2023-02-06,2,Monday,6741.76,February
U1061,P100,Home & Kitchen,5998.43,33,4018.95,Credit Card,2023-03-14,0,2023-03-14,3,Tuesday,4018.95,March
U1037,P117,Books,2557.09,1,2531.52,Net Banking,2023-02-22,0,2023-02-22,2,Wednesday,2531.52,February
U1002,P114,Books,6269.99,22,4890.59,Credit Card,2024-05-06,0,2024-05-06,5,Monday,4890.59,May
U1091,P141,Sports,1525.84,38,946.02,Credit Card,2023-11-09,0,2023-11-09,11,Thursday,946.02,November
U1029,P144,Fashion,8840.22,4,8486.61,UPI,2024-06-02,0,2024-06-02,6,Sunday,8486.61,June
U1002,P132,Electronics,7157.07,18,5868.8,UPI,2023-09-19,0,2023-09-19,9,Tuesday,5868.8,September
U1064,P115,Sports,9620.77,41,5676.25,Debit Card,2024-04-30,0,2024-04-30,4,Tuesday,5676.25,April
U1001,P147,Books,1811.75,2,1775.51,Credit Card,2023-06-03,0,2023-06-03,6,Saturday,1775.51,June
U1085,P122,Books,2594.85,31,1790.45,Cash on Delivery,2024-03-17,0,2024-03-17,3,Sunday,1790.45,March
U1026,P116,Beauty,2420.66,2,2372.25,Cash on Delivery,2023-06-01,0,2023-06-01,6,Thursday,2372.25,June
U1077,P119,Beauty,4055.9,21,3204.16,Cash on Delivery,2023-03-13,0,2023-03-13,3,Monday,3204.16,March
U1002,P133,Electronics,7849.33,25,5887.0,Cash on Delivery,2023-11-17,0,2023-11-17,11,Friday,5887.0,November
U1035,P149,Home & Kitchen,7403.6,6,6959.38,Debit Card,2024-02-05,0,2024-02-05,2,Monday,6959.38,February
U1047,P130,Sports,5284.66,3,5126.12,UPI,2023-01-21,0,2023-01-21,1,Saturday,5126.12,January
U1065,P136,Beauty,1805.47,19,1462.43,Cash on Delivery,2024-01-22,0,2024-01-22,1,Monday,1462.43,January
U1065,P102,Books,8431.93,29,5986.67,Debit Card,2023-05-08,0,2023-05-08,5,Monday,5986.67,May
U1026,P124,Home & Kitchen,7781.49,3,7548.05,Credit Card,2024-03-24,0,2024-03-24,3,Sunday,7548.05,March
U1050,P139,Sports,4707.88,14,4048.78,Credit Card,2024-04-05,0,2024-04-05,4,Friday,4048.78,April
U1047,P140,Sports,1398.48,43,797.13,Cash on Delivery,2023-06-19,0,2023-06-19,6,Monday,797.13,June
U1019,P109,Home & Kitchen,1458.94,12,1283.87,Net Banking,2024-05-27,0,2024-05-27,5,Monday,1283.87,May
U1067,P103,Electronics,6069.24,21,4794.7,UPI,2023-09-04,0,2023-09-04,9,Monday,4794.7,September
U1062,P111,Electronics,5208.87,41,3073.23,UPI,2024-05-15,0,2024-05-15,5,Wednesday,3073.23,May
U1027,P148,Sports,7755.0,25,5816.25,Cash on Delivery,2023-02-15,0,2023-02-15,2,Wednesday,5816.25,February
U1037,P105,Sports,3278.35,11,2917.73,Credit Card,2023-11-27,0,2023-11-27,11,Monday,2917.73,November
U1040,P116,Home & Kitchen,8795.82,6,8268.07,Net Banking,2023-06-25,0,2023-06-25,6,Sunday,8268.07,June
U1067,P105,Electronics,2858.97,40,1715.38,Debit Card,2024-02-15,0,2024-02-15,2,Thursday,1715.38,February
U1086,P114,Fashion,8446.68,31,5828.21,UPI,2024-01-10,0,2024-01-10,1,Wednesday,5828.21,January
U1050,P101,Books,8611.73,30,6028.21,Net Banking,2024-02-08,0,2024-02-08,2,Thursday,6028.21,February
U1089,P100,Electronics,7599.04,39,4635.41,Credit Card,2023-04-08,0,2023-04-08,4,Saturday,4635.41,April
U1049,P122,Sports,2712.71,46,1464.86,Debit Card,2024-02-08,0,2024-02-08,2,Thursday,1464.86,February
U1038,P139,Sports,7150.53,27,5219.89,UPI,2024-06-12,0,2024-06-12,6,Wednesday,5219.89,June
U1008,P100,Sports,5452.38,16,4580.0,Debit Card,2023-01-21,0,2023-01-21,1,Saturday,4580.0,January
U1051,P127,Beauty,3436.94,28,2474.6,Debit Card,2024-01-26,0,2024-01-26,1,Friday,2474.6,January
U1042,P145,Sports,5218.85,13,4540.4,Credit Card,2023-03-29,0,2023-03-29,3,Wednesday,4540.4,March
U1020,P142,Books,1380.97,14,1187.63,Credit Card,2023-12-08,0,2023-12-08,12,Friday,1187.63,December
U1010,P129,Electronics,5578.5,3,5411.14,Net Banking,2023-07-13,0,2023-07-13,7,Thursday,5411.14,July
U1092,P112,Books,2829.38,42,1641.04,Debit Card,2024-03-28,0,2024-03-28,3,Thursday,1641.04,March
U1082,P147,Electronics,9455.58,17,7848.13,Net Banking,2023-11-28,0,2023-11-28,11,Tuesday,7848.13,November
U1077,P141,Home & Kitchen,3196.84,45,1758.26,UPI,2023-04-04,0,2023-04-04,4,Tuesday,1758.26,April
U1047,P141,Electronics,9554.28,19,7738.97,Net Banking,2023-04-24,0,2023-04-24,4,Monday,7738.97,April
U1060,P115,Electronics,236.72,21,187.01,Credit Card,2023-05-02,0,2023-05-02,5,Tuesday,187.01,May
U1005,P118,Books,9230.3,32,6276.6,Debit Card,2023-07-08,0,2023-07-08,7,Saturday,6276.6,July
U1060,P124,Fashion,298.7,22,232.99,Credit Card,2024-02-18,0,2024-02-18,2,Sunday,232.99,February
U1069,P135,Fashion,9459.07,24,7188.89,UPI,2023-07-08,0,2023-07-08,7,Saturday,7188.89,July
U1004,P122,Electronics,7962.73,35,5175.77,UPI,2024-04-19,0,2024-04-19,4,Friday,5175.77,April
U1086,P147,Electronics,5697.11,37,3589.18,Debit Card,2023-04-04,0,2023-04-04,4,Tuesday,3589.18,April
U1026,P128,Beauty,8054.43,48,4188.3,Cash on Delivery,2023-10-04,0,2023-10-04,10,Wednesday,4188.3,October
U1041,P120,Sports,6598.04,50,3299.02,Debit Card,2023-11-08,0,2023-11-08,11,Wednesday,3299.02,November
U1024,P120,Fashion,549.02,19,444.71,Credit Card,2023-06-09,0,2023-06-09,6,Friday,444.71,June
U1078,P130,Books,6234.63,4,5985.24,Credit Card,2023-07-06,0,2023-07-06,7,Thursday,5985.24,July
U1071,P116,Beauty,1357.87,23,1045.56,Cash on Delivery,2023-06-18,0,2023-06-18,6,Sunday,1045.56,June
U1049,P111,Home & Kitchen,9593.0,14,8249.98,Debit Card,2023-11-27,0,2023-11-27,11,Monday,8249.98,November
U1023,P149,Beauty,2375.29,13,2066.5,Cash on Delivery,2023-01-16,0,2023-01-16,1,Monday,2066.5,January
U1057,P108,Fashion,9523.12,9,8666.04,Cash on Delivery,2024-06-24,0,2024-06-24,6,Monday,8666.04,June
U1098,P111,Fashion,2122.28,1,2101.06,Net Banking,2023-08-28,0,2023-08-28,8,Monday,2101.06,August
U1015,P120,Sports,9302.81,10,8372.53,Cash on Delivery,2024-03-09,0,2024-03-09,3,Saturday,8372.53,March
U1079,P133,Home & Kitchen,8165.14,49,4164.22,Net Banking,2024-01-30,0,2024-01-30,1,Tuesday,4164.22,January
U1058,P119,Fashion,2389.32,44,1338.02,Credit Card,2024-05-26,0,2024-05-26,5,Sunday,1338.02,May
U1098,P101,Sports,5560.03,30,3892.02,UPI,2023-06-07,0,2023-06-07,6,Wednesday,3892.02,June
U1004,P129,Fashion,5689.31,30,3982.52,Net Banking,2023-12-01,0,2023-12-01,12,Friday,3982.52,December
U1071,P146,Home & Kitchen,3408.39,46,1840.53,UPI,2023-01-09,0,2023-01-09,1,Monday,1840.53,January
U1041,P138,Sports,9174.92,31,6330.69,UPI,2023-01-20,0,2023-01-20,1,Friday,6330.69,January
U1086,P116,Electronics,2542.4,28,1830.53,Cash on Delivery,2024-06-09,0,2024-06-09,6,Sunday,1830.53,June
U1027,P129,Books,3310.59,48,1721.51,Cash on Delivery,2023-11-25,0,2023-11-25,11,Saturday,1721.51,November
U1025,P108,Books,2570.1,23,1978.98,UPI,2023-06-06,0,2023-06-06,6,Tuesday,1978.98,June
U1074,P137,Electronics,296.72,2,290.79,Net Banking,2023-11-10,0,2023-11-10,11,Friday,290.79,November
U1049,P121,Electronics,5609.32,45,3085.13,Debit Card,2023-04-01,0,2023-04-01,4,Saturday,3085.13,April
U1082,P125,Books,9493.35,9,8638.95,Credit Card,2024-01-07,0,2024-01-07,1,Sunday,8638.95,January
U1048,P122,Home & Kitchen,2002.07,8,1841.9,Debit Card,2023-06-19,0,2023-06-19,6,Monday,1841.9,June
U1011,P114,Sports,7768.29,20,6214.63,Credit Card,2024-02-08,0,2024-02-08,2,Thursday,6214.63,February
U1009,P102,Electronics,6520.76,29,4629.74,UPI,2023-11-15,0,2023-11-15,11,Wednesday,4629.74,November
U1054,P143,Electronics,1659.72,16,1394.16,Cash on Delivery,2023-06-07,0,2023-06-07,6,Wednesday,1394.16,June
U1075,P140,Sports,586.71,11,522.17,Credit Card,2023-02-28,0,2023-02-28,2,Tuesday,522.17,February
U1023,P142,Sports,4073.84,14,3503.5,Net Banking,2023-05-19,0,2023-05-19,5,Friday,3503.5,May
U1007,P120,Sports,8844.51,11,7871.61,Cash on Delivery,2024-05-02,0,2024-05-02,5,Thursday,7871.61,May
U1052,P146,Books,6781.62,30,4747.13,Debit Card,2023-10-22,0,2023-10-22,10,Sunday,4747.13,October
U1040,P148,Beauty,7081.7,35,4603.11,Credit Card,2024-03-13,0,2024-03-13,3,Wednesday,4603.11,March
U1007,P121,Electronics,6052.61,11,5386.82,Debit Card,2023-04-04,0,2023-04-04,4,Tuesday,5386.82,April
U1035,P100,Books,2262.94,43,1289.88,Cash on Delivery,2023-02-13,0,2023-02-13,2,Monday,1289.88,February
U1098,P141,Sports,766.03,22,597.5,Credit Card,2023-10-22,0,2023-10-22,10,Sunday,597.5,October
U1093,P127,Sports,3545.48,6,3332.75,UPI,2023-12-15,0,2023-12-15,12,Friday,3332.75,December
U1029,P135,Home & Kitchen,4073.25,49,2077.36,Credit Card,2024-04-29,0,2024-04-29,4,Monday,2077.36,April
U1051,P135,Books,2347.47,18,1924.93,Cash on Delivery,2024-05-25,0,2024-05-25,5,Saturday,1924.93,May
U1037,P148,Sports,1749.08,47,927.01,Debit Card,2024-05-17,0,2024-05-17,5,Friday,927.01,May
U1053,P113,Beauty,9484.12,33,6354.36,Net Banking,2024-01-07,0,2024-01-07,1,Sunday,6354.36,January
U1029,P144,Books,1127.47,25,845.6,UPI,2023-04-16,0,2023-04-16,4,Sunday,845.6,April
U1005,P101,Sports,4626.17,33,3099.53,Cash on Delivery,2023-10-31,0,2023-10-31,10,Tuesday,3099.53,October
U1071,P102,Sports,932.73,16,783.49,Cash on Delivery,2024-02-10,0,2024-02-10,2,Saturday,783.49,February
U1021,P124,Beauty,7329.48,27,5350.52,UPI,2023-11-20,0,2023-11-20,11,Monday,5350.52,November
U1092,P105,Home & Kitchen,4383.56,43,2498.63,UPI,2023-03-11,0,2023-03-11,3,Saturday,2498.63,March
U1022,P130,Books,5713.6,7,5313.65,Debit Card,2023-06-17,0,2023-06-17,6,Saturday,5313.65,June
U1020,P116,Fashion,6274.55,50,3137.28,Debit Card,2023-12-17,0,2023-12-17,12,Sunday,3137.28,December
U1009,P141,Fashion,8232.01,20,6585.61,Credit Card,2024-04-07,0,2024-04-07,4,Sunday,6585.61,April
U1077,P110,Electronics,4207.11,11,3744.33,Net Banking,2024-05-05,0,2024-05-05,5,Sunday,3744.33,May
U1050,P142,Beauty,9627.39,17,7990.73,Credit Card,2023-08-10,0,2023-08-10,8,Thursday,7990.73,August
U1042,P128,Home & Kitchen,9137.14,3,8863.03,UPI,2023-10-12,0,2023-10-12,10,Thursday,8863.03,October
U1079,P141,Beauty,9980.5,44,5589.08,Cash on Delivery,2023-11-09,0,2023-11-09,11,Thursday,5589.08,November
U1093,P133,Fashion,6905.93,15,5870.04,UPI,2023-03-06,0,2023-03-06,3,Monday,5870.04,March
U1022,P148,Sports,2205.97,49,1125.04,UPI,2023-07-09,0,2023-07-09,7,Sunday,1125.04,July
U1027,P139,Electronics,3136.85,40,1882.11,Cash on Delivery,2023-05-20,0,2023-05-20,5,Saturday,1882.11,May
U1019,P124,Electronics,5183.57,19,4198.69,Cash on Delivery,2024-02-27,0,2024-02-27,2,Tuesday,4198.69,February
U1068,P133,Electronics,362.55,44,203.03,Debit Card,2024-06-03,0,2024-06-03,6,Monday,203.03,June
U1026,P122,Home & Kitchen,8327.0,24,6328.52,UPI,2023-02-05,0,2023-02-05,2,Sunday,6328.52,February
U1048,P125,Electronics,4186.42,30,2930.49,UPI,2023-02-10,0,2023-02-10,2,Friday,2930.49,February
U1018,P111,Beauty,8824.98,38,5471.49,Credit Card,2024-02-23,0,2024-02-23,2,Friday,5471.49,February
U1044,P128,Electronics,2327.92,38,1443.31,Debit Card,2023-08-10,0,2023-08-10,8,Thursday,1443.31,August
U1055,P140,Electronics,4557.79,15,3874.12,Net Banking,2023-10-17,0,2023-10-17,10,Tuesday,3874.12,October
U1090,P125,Sports,7169.34,25,5377.01,Credit Card,2024-05-07,0,2024-05-07,5,Tuesday,5377.01,May
U1049,P149,Fashion,9784.41,6,9197.35,Net Banking,2023-03-30,0,2023-03-30,3,Thursday,9197.35,March
U1038,P107,Beauty,457.91,38,283.9,Debit Card,2024-04-19,0,2024-04-19,4,Friday,283.9,April
U1072,P111,Home & Kitchen,4487.5,41,2647.63,UPI,2023-06-26,0,2023-06-26,6,Monday,2647.63,June
U1086,P133,Beauty,5521.12,17,4582.53,Net Banking,2023-05-19,0,2023-05-19,5,Friday,4582.53,May
U1096,P114,Books,4007.39,37,2524.66,Cash on Delivery,2023-07-06,0,2023-07-06,7,Thursday,2524.66,July
U1032,P122,Beauty,6266.07,31,4323.59,Debit Card,2024-04-08,0,2024-04-08,4,Monday,4323.59,April
U1017,P137,Home & Kitchen,9293.15,14,7992.11,Cash on Delivery,2023-12-30,0,2023-12-30,12,Saturday,7992.11,December
U1068,P110,Beauty,9827.51,19,7960.28,Credit Card,2023-08-21,0,2023-08-21,8,Monday,7960.28,August
U1087,P106,Beauty,9285.66,9,8449.95,UPI,2023-11-07,0,2023-11-07,11,Tuesday,8449.95,November
U1054,P135,Fashion,5669.35,49,2891.37,Cash on Delivery,2023-12-14,0,2023-12-14,12,Thursday,2891.37,December
U1038,P121,Beauty,9340.98,40,5604.59,UPI,2023-08-30,0,2023-08-30,8,Wednesday,5604.59,August
U1031,P103,Sports,7380.01,16,6199.21,Credit Card,2023-05-22,0,2023-05-22,5,Monday,6199.21,May
U1048,P116,Fashion,7865.22,32,5348.35,Cash on Delivery,2023-08-24,0,2023-08-24,8,Thursday,5348.35,August
U1017,P149,Fashion,5341.37,10,4807.23,Credit Card,2024-03-21,0,2024-03-21,3,Thursday,4807.23,March
U1044,P141,Home & Kitchen,7218.61,41,4258.98,Debit Card,2024-06-06,0,2024-06-06,6,Thursday,4258.98,June
U1014,P112,Beauty,7754.33,29,5505.57,Credit Card,2024-06-13,0,2024-06-13,6,Thursday,5505.57,June
U1082,P133,Books,7127.11,16,5986.77,Credit Card,2023-12-16,0,2023-12-16,12,Saturday,5986.77,December
U1057,P102,Electronics,9479.24,9,8626.11,UPI,2023-09-06,0,2023-09-06,9,Wednesday,8626.11,September
U1063,P116,Electronics,3965.89,33,2657.15,UPI,2023-06-14,0,2023-06-14,6,Wednesday,2657.15,June
U1092,P107,Fashion,9835.71,32,6688.28,Net Banking,2024-04-24,0,2024-04-24,4,Wednesday,6688.28,April
U1059,P142,Fashion,1344.85,43,766.56,Net Banking,2024-02-11,0,2024-02-11,2,Sunday,766.56,February
U1047,P118,Electronics,9714.16,31,6702.77,Net Banking,2023-08-28,0,2023-08-28,8,Monday,6702.77,August
U1030,P141,Beauty,2248.18,35,1461.32,Cash on Delivery,2023-02-04,0,2023-02-04,2,Saturday,1461.32,February
U1000,P111,Electronics,6735.47,39,4108.64,Net Banking,2023-07-29,0,2023-07-29,7,Saturday,4108.64,July
U1019,P117,Home & Kitchen,3561.35,34,2350.49,Net Banking,2024-01-06,0,2024-01-06,1,Saturday,2350.49,January
U1083,P123,Books,1824.12,17,1514.02,Net Banking,2024-05-15,0,2024-05-15,5,Wednesday,1514.02,May
U1066,P128,Sports,5485.39,0,5485.39,UPI,2023-04-04,0,2023-04-04,4,Tuesday,5485.39,April
U1021,P135,Books,1084.97,2,1063.27,Cash on Delivery,2024-03-13,0,2024-03-13,3,Wednesday,1063.27,March
U1055,P119,Books,3999.46,8,3679.5,Cash on Delivery,2023-01-23,0,2023-01-23,1,Monday,3679.5,January
U1002,P116,Fashion,2141.17,31,1477.41,Debit Card,2023-11-08,0,2023-11-08,11,Wednesday,1477.41,November
U1052,P142,Beauty,1176.98,38,729.73,Credit Card,2024-05-04,0,2024-05-04,5,Saturday,729.73,May
U1057,P121,Beauty,1064.81,5,1011.57,UPI,2024-03-17,0,2024-03-17,3,Sunday,1011.57,March
U1031,P140,Electronics,1078.08,1,1067.3,Cash on Delivery,2023-02-28,0,2023-02-28,2,Tuesday,1067.3,February
U1093,P117,Electronics,4784.25,38,2966.24,Net Banking,2023-04-27,0,2023-04-27,4,Thursday,2966.24,April
U1047,P132,Beauty,5148.32,37,3243.44,UPI,2024-06-11,0,2024-06-11,6,Tuesday,3243.44,June
U1074,P136,Books,972.16,22,758.28,Credit Card,2023-11-04,0,2023-11-04,11,Saturday,758.28,November
U1019,P133,Books,1891.56,2,1853.73,Cash on Delivery,2023-07-24,0,2023-07-24,7,Monday,1853.73,July
U1001,P130,Books,1827.82,36,1169.8,Credit Card,2024-06-21,0,2024-06-21,6,Friday,1169.8,June
U1060,P106,Home & Kitchen,1400.43,11,1246.38,Debit Card,2024-02-04,0,2024-02-04,2,Sunday,1246.38,February
U1058,P127,Beauty,3829.75,27,2795.72,Debit Card,2023-01-25,0,2023-01-25,1,Wednesday,2795.72,January
U1007,P141,Electronics,2733.73,21,2159.65,UPI,2023-09-11,0,2023-09-11,9,Monday,2159.65,September
U1061,P101,Fashion,3694.46,18,3029.46,Cash on Delivery,2023-06-09,0,2023-06-09,6,Friday,3029.46,June
U1066,P124,Electronics,6348.82,49,3237.9,Cash on Delivery,2023-05-16,0,2023-05-16,5,Tuesday,3237.9,May
U1002,P143,Home & Kitchen,1774.02,2,1738.54,Credit Card,2023-07-24,0,2023-07-24,7,Monday,1738.54,July
U1055,P132,Beauty,8710.97,18,7143.0,Net Banking,2023-04-28,0,2023-04-28,4,Friday,7143.0,April
U1036,P121,Fashion,8376.36,45,4607.0,Debit Card,2023-04-13,0,2023-04-13,4,Thursday,4607.0,April
U1033,P110,Electronics,7481.37,37,4713.26,Debit Card,2024-06-11,0,2024-06-11,6,Tuesday,4713.26,June
U1031,P118,Home & Kitchen,8040.0,20,6432.0,Cash on Delivery,2023-08-07,0,2023-08-07,8,Monday,6432.0,August
U1046,P119,Beauty,9169.09,42,5318.07,Net Banking,2023-02-14,0,2023-02-14,2,Tuesday,5318.07,February
U1081,P118,Home & Kitchen,5205.06,31,3591.49,Net Banking,2024-02-22,0,2024-02-22,2,Thursday,3591.49,February
U1087,P111,Books,3257.41,22,2540.78,Cash on Delivery,2023-07-31,0,2023-07-31,7,Monday,2540.78,July
U1034,P140,Books,852.36,46,460.27,Debit Card,2024-05-18,0,2024-05-18,5,Saturday,460.27,May
U1046,P127,Electronics,9676.0,25,7257.0,Debit Card,2023-11-04,0,2023-11-04,11,Saturday,7257.0,November
U1040,P122,Home & Kitchen,3708.79,23,2855.77,Cash on Delivery,2024-06-21,0,2024-06-21,6,Friday,2855.77,June
U1040,P122,Books,5659.09,43,3225.68,Credit Card,2024-05-11,0,2024-05-11,5,Saturday,3225.68,May
U1008,P105,Fashion,7227.82,8,6649.59,Cash on Delivery,2023-10-21,0,2023-10-21,10,Saturday,6649.59,October
U1080,P105,Electronics,5911.49,29,4197.16,Credit Card,2023-02-23,0,2023-02-23,2,Thursday,4197.16,February
U1057,P100,Sports,1465.22,28,1054.96,Cash on Delivery,2024-03-10,0,2024-03-10,3,Sunday,1054.96,March
U1097,P101,Sports,5386.18,20,4308.94,Cash on Delivery,2023-03-31,0,2023-03-31,3,Friday,4308.94,March
U1055,P100,Books,3225.44,48,1677.23,Net Banking,2024-01-23,0,2024-01-23,1,Tuesday,1677.23,January
U1044,P132,Electronics,4545.95,29,3227.62,Cash on Delivery,2023-06-19,0,2023-06-19,6,Monday,3227.62,June
U1087,P112,Fashion,9906.89,37,6241.34,Net Banking,2023-05-09,0,2023-05-09,5,Tuesday,6241.34,May
U1032,P115,Beauty,8149.25,44,4563.58,UPI,2024-05-30,0,2024-05-30,5,Thursday,4563.58,May
U1066,P116,Fashion,9887.86,29,7020.38,UPI,2023-08-06,0,2023-08-06,8,Sunday,7020.38,August
U1074,P104,Home & Kitchen,5222.61,33,3499.15,Net Banking,2023-06-01,0,2023-06-01,6,Thursday,3499.15,June
U1060,P103,Beauty,7065.71,48,3674.17,Credit Card,2023-07-28,0,2023-07-28,7,Friday,3674.17,July
U1083,P116,Books,7659.66,33,5131.97,Net Banking,2023-05-22,0,2023-05-22,5,Monday,5131.97,May
U1018,P109,Sports,8428.8,4,8091.65,UPI,2024-04-12,0,2024-04-12,4,Friday,8091.65,April
U1021,P111,Fashion,5536.34,13,4816.62,Debit Card,2023-12-16,0,2023-12-16,12,Saturday,4816.62,December
U1047,P111,Electronics,3220.63,41,1900.17,Debit Card,2024-05-13,0,2024-05-13,5,Monday,1900.17,May
U1003,P110,Beauty,1591.0,5,1511.45,Credit Card,2024-03-28,0,2024-03-28,3,Thursday,1511.45,March
U1018,P133,Home & Kitchen,5854.41,28,4215.18,Debit Card,2024-06-13,0,2024-06-13,6,Thursday,4215.18,June
U1058,P130,Sports,2444.04,20,1955.23,UPI,2023-03-28,0,2023-03-28,3,Tuesday,1955.23,March
U1000,P132,Books,7474.48,33,5007.9,Net Banking,2023-06-30,0,2023-06-30,6,Friday,5007.9,June
U1036,P142,Electronics,3932.83,24,2988.95,Debit Card,2023-07-04,0,2023-07-04,7,Tuesday,2988.95,July
U1063,P136,Books,3375.39,15,2869.08,Credit Card,2023-09-29,0,2023-09-29,9,Friday,2869.08,September
U1066,P134,Books,1555.95,15,1322.56,UPI,2023-10-31,0,2023-10-31,10,Tuesday,1322.56,October
U1069,P128,Fashion,9509.64,50,4754.82,Cash on Delivery,2023-11-29,0,2023-11-29,11,Wednesday,4754.82,November
U1010,P128,Books,951.95,44,533.09,Debit Card,2023-07-27,0,2023-07-27,7,Thursday,533.09,July
U1060,P124,Beauty,2805.6,41,1655.3,Debit Card,2024-03-09,0,2024-03-09,3,Saturday,1655.3,March
U1025,P134,Sports,6001.46,32,4080.99,Debit Card,2023-10-25,0,2023-10-25,10,Wednesday,4080.99,October
U1081,P109,Books,7284.3,26,5390.38,UPI,2023-07-04,0,2023-07-04,7,Tuesday,5390.38,July
U1039,P136,Sports,648.11,13,563.86,Net Banking,2023-03-16,0,2023-03-16,3,Thursday,563.86,March
